COVID19, 69842
coronavirus, 30905
Covid_19, 11175
covid19, 10687
Covid19, 9697
lockdown, 9588
May, 9432
+0000, 9417
COVIDãƒ¼19, 9347
StayHome, 8233
Coronavirus, 7991
COVID19., 6467
China, 5316
COVID, 4707
StaySafe, 4321
staysafe, 4194
COVID__19, 3989
IndiaFightsCorona, 3712
StayAtHome, 3467
BlackLivesMatter, 3392
SocialDistancing, 3051
pandemic, 2995
stayhome, 2974
ObamaGate, 2685
Lockdown, 2503
StayHomeSaveLives, 2423
Corona, 2307
Trump, 2230
CoronaVirus, 2040
StayHomeStaySafe, 1973
COVID-19, 1914
QuarantineLife, 1891
Quarantine, 1873
LockdownHouseParty, 1861
quarantine, 1849
India, 1798
COVIDIOTS, 1750
WWG1WGA, 1727
Covid19UK, 1659
MAGA, 1604
1, 1592
CCP, 1586
auspol, 1581
covid, 1517
HongKong, 1498
cdnpoli, 1480
GeorgeFloyd, 1472
CoronavirusPandemic, 1461
coronavirus., 1452
stayathome, 1412
Lockdown4, 1364
healthcare, 1349
lockdownextension, 1345
InThisTogether, 1290
Hydroxychloroquine, 1225
PPE, 1199
CoronaWarriors, 1178
Trump2020, 1168
news, 1162
StrongerTogether, 1161
USA, 1155
corona, 1154
love, 1120
art, 1105
FoxNews, 1094
covid1948, 1040
socialdistancing, 1028
QAnon, 1020
lockdown2020, 994
